{"eval/loss": 0.5090360045433044, "eval/roc_auc": 0.5705723246611097, "eval/runtime": 1.3431, "eval/samples_per_second": 649.234, "eval/steps_per_second": 20.847, "train/global_step": 931, "_timestamp": 1717476108.2061927, "_runtime": 1392.1057267189026, "_step": 1865, "tr_loss": -0.03377152234315872, "train/epoch": 1.0, "train/loss": 0.0001, "train/learning_rate": 0.0005, "train/train_runtime": 1380.8673, "train/train_samples_per_second": 21.568, "train/train_steps_per_second": 0.674, "train/total_flos": 920513530137600.0, "train/train_loss": 2.2517503204202294e-05, "_wandb": {"runtime": 1391}}