{"eval/loss": 0.5090360045433044, "eval/roc_auc": 0.5705723246611097, "eval/runtime": 1.3451, "eval/samples_per_second": 648.259, "eval/steps_per_second": 20.816, "train/global_step": 931, "_timestamp": 1717474702.4266284, "_runtime": 1409.7337684631348, "_step": 1865, "tr_loss": -0.03377152234315872, "train/epoch": 1.0, "train/loss": 0.0001, "train/learning_rate": 0.0005, "train/train_runtime": 1391.9208, "train/train_samples_per_second": 21.397, "train/train_steps_per_second": 0.669, "train/total_flos": 920513530137600.0, "train/train_loss": 2.2517503204202294e-05, "_wandb": {"runtime": 1409}}